number,value,datetime_start,datetime_complete,duration,params_activation,params_alpha,params_batch_size,params_learning_rate_init,params_n_layers,params_n_units_l0,params_n_units_l1,params_n_units_l2,params_solver,state
0,0.8442079040762875,2026-07-20 17:17:48.278404,2026-07-20 17:18:46.607936,0 days 00:00:58.329532,relu,0.021423021757741054,256,0.006358358856676255,2,256,192.0,,adam,COMPLETE
1,0.8538756246405211,2026-07-20 17:18:46.612474,2026-07-20 17:19:05.704992,0 days 00:00:19.092518,tanh,2.8585493941961936e-05,512,0.006847920095574782,1,64,,,adam,COMPLETE
2,0.5836314270306473,2026-07-20 17:19:05.708983,2026-07-20 17:19:34.056129,0 days 00:00:28.347146,tanh,0.055517216852447225,64,0.07886714129990492,3,64,160.0,160.0,adam,COMPLETE
3,0.8208823745853738,2026-07-20 17:19:34.059156,2026-07-20 17:20:49.662795,0 days 00:01:15.603639,tanh,3.618723330959624e-05,256,0.0036324869566766076,2,32,128.0,,sgd,COMPLETE
4,0.8223746481683666,2026-07-20 17:20:49.666799,2026-07-20 17:23:05.946090,0 days 00:02:16.279291,tanh,8.777815504719648e-05,64,0.0006516990611177178,3,256,160.0,256.0,sgd,COMPLETE
5,0.8445493922509032,2026-07-20 17:23:05.950064,2026-07-20 17:23:19.878459,0 days 00:00:13.928395,tanh,1.0656401760606457e-06,256,0.02795015916508337,1,224,,,adam,COMPLETE
6,0.8301580103151128,2026-07-20 17:23:19.888666,2026-07-20 17:23:34.503605,0 days 00:00:14.614939,relu,4.225874644996168e-05,128,0.015446089075047083,2,32,224.0,,sgd,COMPLETE
7,0.8334537488167202,2026-07-20 17:23:34.515177,2026-07-20 17:26:14.349873,0 days 00:02:39.834696,tanh,3.463037026119188e-06,512,0.000124247470836602,3,224,160.0,224.0,adam,COMPLETE
8,0.8452519039556772,2026-07-20 17:26:14.352426,2026-07-20 17:26:30.338052,0 days 00:00:15.985626,relu,6.398916399944082e-06,256,0.06153085601625314,1,128,,,sgd,COMPLETE
9,0.8331468164826726,2026-07-20 17:26:30.348014,2026-07-20 17:26:53.089086,0 days 00:00:22.741072,tanh,3.5502556123130782e-06,256,0.00048284249748183273,1,256,,,adam,COMPLETE
10,0.8599400034478094,2026-07-20 17:26:53.097065,2026-07-20 17:27:01.653891,0 days 00:00:08.556826,relu,0.0017262035212036028,512,0.0017277890583771549,2,128,32.0,,adam,COMPLETE
11,0.851863095967508,2026-07-20 17:27:01.659886,2026-07-20 17:27:07.984347,0 days 00:00:06.324461,relu,0.0016171174679436404,512,0.002456298787051935,2,128,32.0,,adam,COMPLETE
12,0.8429284842366336,2026-07-20 17:27:07.993342,2026-07-20 17:27:17.414591,0 days 00:00:09.421249,relu,0.0008649707066879486,512,0.001089133799170587,1,128,,,adam,COMPLETE
13,0.8552864750438637,2026-07-20 17:27:17.425186,2026-07-20 17:27:24.821741,0 days 00:00:07.396555,relu,0.0017991982328035862,512,0.009606543991623577,2,96,32.0,,adam,COMPLETE
14,0.8484541017832389,2026-07-20 17:27:24.832732,2026-07-20 17:27:38.487704,0 days 00:00:13.654972,relu,0.004458349878424656,512,0.0017526396825079862,2,160,32.0,,adam,COMPLETE
15,0.8573630044694522,2026-07-20 17:27:38.496695,2026-07-20 17:27:50.107820,0 days 00:00:11.611125,relu,0.00029663605169731486,128,0.01471141267391962,2,96,64.0,,adam,COMPLETE
16,0.8514350078030143,2026-07-20 17:27:50.118440,2026-07-20 17:28:30.291824,0 days 00:00:40.173384,relu,0.00011099641131668108,128,0.00019606256912566898,2,160,96.0,,adam,COMPLETE
17,0.7699355024357707,2026-07-20 17:28:30.303444,2026-07-20 17:28:36.204731,0 days 00:00:05.901287,relu,0.00022979936535430534,128,0.025237258717682554,3,160,96.0,32.0,adam,COMPLETE
18,0.8016106780486939,2026-07-20 17:28:36.216351,2026-07-20 17:29:02.918880,0 days 00:00:26.702529,relu,0.00786492088846473,128,0.0005668444134863836,2,96,64.0,,sgd,COMPLETE
19,0.860521554911672,2026-07-20 17:29:02.924904,2026-07-20 17:29:22.238154,0 days 00:00:19.313250,relu,0.00041299604159810056,128,0.004062211512639383,3,192,64.0,32.0,adam,COMPLETE
20,0.8573585545446819,2026-07-20 17:29:22.250183,2026-07-20 17:29:42.299799,0 days 00:00:20.049616,relu,0.0005162815470161275,64,0.0035232643963665966,3,192,64.0,32.0,adam,COMPLETE
21,0.8689856009314192,2026-07-20 17:29:42.308397,2026-07-20 17:29:57.171891,0 days 00:00:14.863494,relu,0.00035487102912934,128,0.001592916910926235,3,96,64.0,128.0,adam,COMPLETE
22,0.854687700401532,2026-07-20 17:29:57.181856,2026-07-20 17:30:29.554938,0 days 00:00:32.373082,relu,0.004446999719565074,128,0.0013962019325334377,3,192,96.0,128.0,adam,COMPLETE
23,0.8679658677169931,2026-07-20 17:30:29.564940,2026-07-20 17:30:44.833694,0 days 00:00:15.268754,relu,0.0009426480183868764,128,0.003784887022679298,3,64,64.0,96.0,adam,COMPLETE
24,0.8538613255638573,2026-07-20 17:30:44.838700,2026-07-20 17:30:58.433989,0 days 00:00:13.595289,relu,0.00017859582831082616,128,0.004567139476961425,3,64,64.0,96.0,adam,COMPLETE
25,0.8449149884822512,2026-07-20 17:30:58.435984,2026-07-20 17:31:22.275763,0 days 00:00:23.839779,relu,0.00041909722021872997,128,0.00031150436328347014,3,32,96.0,96.0,adam,COMPLETE
26,0.8270597618568855,2026-07-20 17:31:22.283764,2026-07-20 17:32:02.829833,0 days 00:00:40.546069,relu,1.369521210877749e-05,128,0.0011561883636805243,3,64,128.0,64.0,sgd,COMPLETE
27,0.8701505851993551,2026-07-20 17:32:02.831842,2026-07-20 17:32:23.416476,0 days 00:00:20.584634,relu,0.0006786802814860594,128,0.0025213991112063333,3,96,64.0,160.0,adam,COMPLETE
28,0.852713842178726,2026-07-20 17:32:23.420028,2026-07-20 17:33:35.099431,0 days 00:01:11.679403,relu,0.011839885532477838,128,0.002359823924902989,3,96,128.0,160.0,adam,COMPLETE
29,0.8384451604406138,2026-07-20 17:33:35.107006,2026-07-20 17:33:53.991948,0 days 00:00:18.884942,relu,0.039734038842311484,128,0.0008316023964369089,3,64,96.0,160.0,adam,COMPLETE
